role,link,company,stipend,duration
Web Development,https://internshala.com/internship/details/work-from-home-web-development-internship-at-modgenics-technology-solutions-private-limited1721719910,Modgenics Technology Solutions Private Limited,"₹ 10,000-15,000 /month",6 Months
Full Stack Development,https://internshala.com/internship/details/work-from-home-full-stack-development-internship-at-selfup-community1721716011,SelfUp Community,"₹ 8,000-12,000 /month",6 Months
Web Development,https://internshala.com/internship/detail/work-from-home-web-development-internship-at-crackeddevscom1721712263,"CrackedDevs.com (London, United Kingdom)",$ 500 /month,1 Month
Node.js Development,https://internshala.com/internship/details/work-from-home-nodejs-development-internship-at-dobby-ads1721654858,Dobby Ads,"₹ 15,000-20,000 /month",3 Months
Front End Development,https://internshala.com/internship/details/work-from-home-front-end-development-internship-at-dobby-ads1721652399,Dobby Ads,"₹ 15,000-20,000 /month",3 Months
Product Management,https://internshala.com/internship/detail/work-from-home-product-management-internship-at-buddha-education-association-incorporation1721631965,Buddha Education Association Incorporation,"₹ 12,000 /month",1 Month
Machine Learning,https://internshala.com/internship/details/work-from-home-part-time-machine-learning-internship-at-buddha-education-association-incorporation1721631935,Buddha Education Association Incorporation,"₹ 18,000 /month",2 Months
Mobile App Development,https://internshala.com/internship/detail/work-from-home-part-time-mobile-app-development-internship-at-buddha-education-association-incorporation1721631873,Buddha Education Association Incorporation,"₹ 15,000 /month",1 Month
Blockchain Development,https://internshala.com/internship/details/work-from-home-blockchain-development-internship-at-buddha-education-association-incorporation1721631833,Buddha Education Association Incorporation,"₹ 18,000 /month",2 Months
Web Development,https://internshala.com/internship/details/work-from-home-part-time-web-development-internship-at-buddha-education-association-incorporation1721631806,Buddha Education Association Incorporation,"₹ 10,000 /month",1 Month
Web Development,https://internshala.com/internship/details/work-from-home-web-development-internship-at-mugs1721623007,Mugs,"₹ 10,000 /month",2 Months
Full Stack Development,https://internshala.com/internship/details/work-from-home-full-stack-development-internship-at-idea-usher1721629068,Idea Usher,"₹ 10,000-15,000 /month",6 Months
AI Developer,https://internshala.com/internship/details/work-from-home-ai-developer-internship-at-yardstick1721493993,Yardstick,"₹ 5,000-10,000 /month",6 Months
Full Stack Development,https://internshala.com/internship/details/work-from-home-full-stack-development-internship-at-clouddfn-llp1721484576,CloudDFN LLP,"₹ 10,000 /month",3 Months
Android App Development,https://internshala.com/internship/detail/work-from-home-android-app-development-internship-at-quadb-tech1721473057,QuadB Tech,"₹ 5,000-10,000 /month",6 Months
Web Development,https://internshala.com/internship/details/work-from-home-web-development-internship-at-avaari1721467506,Avaari,"₹ 15,000 /month",1 Month
Mobile App Development,https://internshala.com/internship/detail/work-from-home-mobile-app-development-internship-at-avaari1721467397,Avaari,"₹ 15,000 /month",1 Month
Machine Learning,https://internshala.com/internship/details/work-from-home-machine-learning-internship-at-avaari1721467364,Avaari,"₹ 15,000 /month",2 Months
Blockchain Development,https://internshala.com/internship/details/work-from-home-blockchain-development-internship-at-avaari1721467353,Avaari,"₹ 18,000 /month",2 Months
Node.js Development,https://internshala.com/internship/details/work-from-home-nodejs-development-internship-at-iesoft-technologies-private-limited1721463129,IESoft Technologies Private Limited,"₹ 20,000 /month",6 Months
Software Development,https://internshala.com/internship/details/work-from-home-software-development-internship-at-iesoft-technologies-private-limited1721455736,IESoft Technologies Private Limited,"₹ 20,000 /month",6 Months
Web Development,https://internshala.com/internship/details/work-from-home-web-development-internship-at-genzpay1721450295,GenZpay,"₹ 10,000 /month",4 Months
iOS App Development,https://internshala.com/internship/detail/work-from-home-ios-app-development-internship-at-resolute-ai-software-private-limited1721398679,Resolute AI Software Private Limited,"₹ 8,000-12,000 /month",1 Month
